Id,Title,Body,Comments
1,sunt aut facere repellat provident occaecati excepturi optio reprehenderit,"quia et suscipit
suscipit recusandae consequuntur expedita et cum
reprehenderit molestiae ut ut quas totam
nostrum rerum est autem sunt rem eveniet architecto",harum non quasi et ratione|tempore iure ex voluptates in ratione|harum architecto fugit inventore cupiditate|voluptates magni quo et
2,qui est esse,"est rerum tempore vitae
sequi sint nihil reprehenderit dolor beatae ea dolores neque
fugiat blanditiis voluptate porro vel nihil molestiae ut reiciendis
qui aperiam non debitis possimus qui neque nisi nulla",voluptate iusto quis nobis reprehenderit ipsum amet nulla|quia quas dolores velit et non|aut quia necessitatibus|nostrum quaerat nulla et accusamus nisi facilis
3,ea molestias quasi exercitationem repellat qui ipsa sit aut,"et iusto sed quo iure
voluptatem occaecati omnis eligendi aut ad
voluptatem doloribus vel accusantium quis pariatur
molestiae porro eius odio et labore et velit aut",nihil ut voluptates blanditiis autem odio dicta rerum|quisquam saepe et est|sunt quasi nemo laudantium deserunt|molestias tempora quo quia
4,eum et est occaecati,"ullam et saepe reiciendis voluptatem adipisci
sit amet autem assumenda provident rerum culpa
quis hic commodi nesciunt rem tenetur doloremque ipsam iure
quis sunt voluptatem rerum illo velit",qui harum consequatur fugiat|et eligendi perferendis at molestiae commodi ducimus|doloremque asperiores numquam qui|ut sit dignissimos reprehenderit tempore
5,nesciunt quas odio,"repudiandae veniam quaerat sunt sed
alias aut fugiat sit autem sed est
voluptatem omnis possimus esse voluptatibus quis
est aut tenetur dolor neque",sunt aut quae laboriosam sit ut impedit|adipisci harum laborum totam deleniti voluptas odit rem ea|non iure distinctio ut velit doloribus|et non ex
6,dolorem eum magni eos aperiam quia,"ut aspernatur corporis harum nihil quis provident sequi
mollitia nobis aliquid molestiae
perspiciatis et ea nemo ab reprehenderit accusantium quas
voluptate dolores velit et doloremque molestiae",consequuntur quia voluptate assumenda et|autem voluptatem reiciendis ipsum animi est provident|earum aperiam sapiente ad vitae iste|accusantium aperiam eius qui dolore voluptatem et
7,magnam facilis autem,"dolore placeat quibusdam ea quo vitae
magni quis enim qui quis quo nemo aut saepe
quidem repellat excepturi ut quia
sunt ut sequi eos ea sed quas",dolor mollitia quidem facere et|vel est ut|ut repudiandae est quidem dolorem sed atque|rem quia aut adipisci sunt
8,dolorem dolore est ipsam,"dignissimos aperiam dolorem qui eum
facilis quibusdam animi sint suscipit qui sint possimus cum
quaerat magni maiores excepturi
ipsam ut commodi dolor voluptatum modi aut vitae",quod minus alias quos|perferendis labore molestias quae ut ut corporis deserunt vitae|et quaerat ut et ullam unde asperiores|cum voluptatem cumque
9,nesciunt iure omnis dolorem tempora et accusantium,"consectetur animi nesciunt iure dolore
enim quia ad
veniam autem ut quam aut nobis
et est aut quod aut provident voluptas autem voluptas",ipsum odio harum voluptatem sunt cumque et dolores|nihil laboriosam neque commodi qui est|quos numquam voluptatum|corporis quo in vitae similique cumque tempore
10,optio molestias id quia eum,"quo et expedita modi cum officia vel magni
doloribus qui repudiandae
vero nisi sit
quos veniam quod sed accusamus veritatis error",eum accusamus aut delectus|architecto blanditiis quia sunt|rerum harum sit quos quia aspernatur vel corrupti inventore|animi dicta vel corporis
11,et ea vero quia laudantium autem,"delectus reiciendis molestiae occaecati non minima eveniet qui voluptatibus
accusamus in eum beatae sit
vel qui neque voluptates ut commodi qui incidunt
ut animi commodi",perferendis eaque labore laudantium ut molestiae soluta et|vero odio non corrupti error pariatur consectetur et|enim nam quia voluptatum non|mollitia culpa facere voluptas suscipit veniam
12,in quibusdam tempore odit est dolorem,"itaque id aut magnam
praesentium quia et ea odit et ea voluptas et
sapiente quia nihil amet occaecati quia id voluptatem
incidunt ea est distinctio odio",error eum quia voluptates alias repudiandae|accusantium veritatis maiores assumenda|quod impedit animi tempore veritatis|animi et et officiis labore impedit blanditiis repudiandae
13,dolorum ut in voluptas mollitia et saepe quo animi,"aut dicta possimus sint mollitia voluptas commodi quo doloremque
iste corrupti reiciendis voluptatem eius rerum
sit cumque quod eligendi laborum minima
perferendis recusandae assumenda consectetur porro architecto ipsum ipsam",qui debitis vitae ratione|tempora impedit aperiam porro molestiae placeat vero laboriosam recusandae|praesentium consequatur facere et itaque quidem eveniet|magnam natus distinctio sapiente
14,voluptatem eligendi optio,"fuga et accusamus dolorum perferendis illo voluptas
non doloremque neque facere
ad qui dolorum molestiae beatae
sed aut voluptas totam sit illum",omnis aliquam praesentium ad voluptatem harum aperiam dolor autem|hic asperiores quisquam ipsa necessitatibus suscipit|praesentium rem deserunt et|facere repellendus aut sed fugit qui est
15,eveniet quod temporibus,"reprehenderit quos placeat
velit minima officia dolores impedit repudiandae molestiae nam
voluptas recusandae quis delectus
officiis harum fugiat vitae",natus numquam enim asperiores doloremque ullam et|est molestias doloribus cupiditate labore vitae aut voluptatem|itaque quos quo consectetur nihil illum veniam|nostrum voluptatum repudiandae ut
16,sint suscipit perspiciatis velit dolorum rerum ipsa laboriosam odio,"suscipit nam nisi quo aperiam aut
asperiores eos fugit maiores voluptatibus quia
voluptatem quis ullam qui in alias quia est
consequatur magni mollitia accusamus ea nisi voluptate dicta",dignissimos itaque ab et tempore odio omnis voluptatem|itaque perferendis rem repellendus tenetur nesciunt velit|qui cupiditate recusandae|quis debitis dolores aliquam nam
17,fugit voluptas sed molestias voluptatem provident,"eos voluptas et aut odit natus earum
aspernatur fuga molestiae ullam
deserunt ratione qui eos
qui nihil ratione nemo velit ut aut id quo",quisquam incidunt dolores sint qui doloribus provident|vel cupiditate deleniti alias voluptatem placeat ad|ut dolorem illum unde iure quis libero neque|ea et distinctio id
18,voluptate et itaque vero tempora molestiae,"eveniet quo quis
laborum totam consequatur non dolor
ut et est repudiandae
est voluptatem vel debitis et magnam",vitae cupiditate excepturi eum veniam laudantium aspernatur blanditiis|aspernatur quia ut assumenda et magni enim magnam|in voluptate tempora|non qui voluptatem reprehenderit porro qui voluptatibus
19,adipisci placeat illum aut reiciendis qui,"illum quis cupiditate provident sit magnam
ea sed aut omnis
veniam maiores ullam consequatur atque
adipisci quo iste expedita sit quos voluptas",at ut tenetur rem|ut fuga quis ea magnam alias|aut tempore fugiat laboriosam porro quia iure qui|architecto est enim
20,doloribus ad provident suscipit at,"qui consequuntur ducimus possimus quisquam amet similique
suscipit porro ipsam amet
eos veritatis officiis exercitationem vel fugit aut necessitatibus totam
omnis rerum consequatur expedita quidem cumque explicabo",architecto dolorem ab explicabo et provident et|et eos illo omnis mollitia ex aliquam|atque ut ipsum nulla nihil|quis voluptas aut debitis facilis
21,asperiores ea ipsam voluptatibus modi minima quia sint,"repellat aliquid praesentium dolorem quo
sed totam minus non itaque
nihil labore molestiae sunt dolor eveniet hic recusandae veniam
tempora et tenetur expedita sunt",ut rerum illum error at inventore ab nobis molestiae|ipsa architecto temporibus non aliquam aspernatur omnis quidem aliquid|consequatur non et expedita cumque voluptates ipsam quia|blanditiis libero itaque sed iusto at
22,dolor sint quo a velit explicabo quia nam,"eos qui et ipsum ipsam suscipit aut
sed omnis non odio
expedita earum mollitia molestiae aut atque rem suscipit
nam impedit esse",cum sequi in eligendi id eaque|dolores accusamus dolorem eum est voluptatem quisquam tempore|in voluptas enim voluptatem asperiores voluptatibus|eius quo quos quasi voluptas earum ut necessitatibus
23,maxime id vitae nihil numquam,"veritatis unde neque eligendi
quae quod architecto quo neque vitae
est illo sit tempora doloremque fugit quod
et et vel beatae sequi ullam sed tenetur perspiciatis",laudantium tempore aut|maiores laborum fugit qui suscipit hic sint officiis corrupti|officiis eum optio cumque fuga sed voluptatibus similique|sit consequuntur rerum commodi
24,autem hic labore sunt dolores incidunt,"enim et ex nulla
omnis voluptas quia qui
voluptatem consequatur numquam aliquam sunt
totam recusandae id dignissimos aut sed asperiores deserunt",iusto sint recusandae placeat atque perferendis sit corporis molestiae|rem dolor eius id delectus et qui|sed dolorem reiciendis error ullam corporis delectus|explicabo mollitia odit laborum sed itaque deserunt rem dolorem
25,rem alias distinctio quo quis,"ullam consequatur ut
omnis quis sit vel consequuntur
ipsa eligendi ipsum molestiae et omnis error nostrum
molestiae illo tempore quia et distinctio",aut voluptas dolore autem|reprehenderit expedita et nihil pariatur ea animi quo ullam|a ea officiis corporis|eius voluptatum cum mollitia dolore quaerat accusamus
26,est et quae odit qui non,"similique esse doloribus nihil accusamus
omnis dolorem fuga consequuntur reprehenderit fugit recusandae temporibus
perspiciatis cum ut laudantium
omnis aut molestiae vel vero",dicta sit culpa molestiae quasi at voluptate eos|dolorem perferendis accusamus rerum expedita ipsum quis qui|quos est deserunt|rerum fuga qui aliquam in consequatur aspernatur
27,quasi id et eos tenetur aut quo autem,"eum sed dolores ipsam sint possimus debitis occaecati
debitis qui qui et
ut placeat enim earum aut odit facilis
consequatur suscipit necessitatibus rerum sed inventore temporibus consequatur",sapiente nostrum dolorem odit a|sed animi non architecto doloremque unde|nam aut aut ut facilis|et ut autem fugit minima culpa inventore non
28,delectus ullam et corporis nulla voluptas sequi,"non et quaerat ex quae ad maiores
maiores recusandae totam aut blanditiis mollitia quas illo
ut voluptatibus voluptatem
similique nostrum eum",velit ipsa fugiat sit qui vel nesciunt sapiente|repudiandae perferendis nemo eos quos perspiciatis aperiam|doloremque incidunt nostrum temporibus corrupti repudiandae vitae non corporis|cupiditate suscipit quod sed numquam excepturi enim labore
29,iusto eius quod necessitatibus culpa ea,"odit magnam ut saepe sed non qui
tempora atque nihil
accusamus illum doloribus illo dolor
eligendi repudiandae odit magni similique sed cum maiores",assumenda nihil et|sed nulla tempora porro iste possimus aut sit officia|cumque totam quis tenetur qui sequi|delectus aut sunt
30,a quo magni similique perferendis,"alias dolor cumque
impedit blanditiis non eveniet odio maxime
blanditiis amet eius quis tempora quia autem rem
a provident perspiciatis quia",est non atque eligendi aspernatur quidem earum mollitia|minima neque nam exercitationem provident eum|maxime quo et ut illum sequi aut fuga repudiandae|sapiente sed ea distinctio molestias illum consequatur libero quidem
31,ullam ut quidem id aut vel consequuntur,"debitis eius sed quibusdam non quis consectetur vitae
impedit ut qui consequatur sed aut in
quidem sit nostrum et maiores adipisci atque
quaerat voluptatem adipisci repudiandae",animi asperiores modi et tenetur vel magni|id iusto aliquid ad|nihil dolorem dolorum aut veritatis voluptates|omnis cupiditate incidunt
32,doloremque illum aliquid sunt,"deserunt eos nobis asperiores et hic
est debitis repellat molestiae optio
nihil ratione ut eos beatae quibusdam distinctio maiores
earum voluptates et aut adipisci ea maiores voluptas maxime",non reprehenderit aut sed quos est ad voluptatum|est ut est dignissimos ut dolores consequuntur|debitis aspernatur consequatur est|porro nulla laboriosam repellendus et nesciunt est libero placeat
33,qui explicabo molestiae dolorem,"rerum ut et numquam laborum odit est sit
id qui sint in
quasi tenetur tempore aperiam et quaerat qui in
rerum officiis sequi cumque quod",sed praesentium ducimus minima autem corporis debitis|aperiam eum sit pariatur|impedit placeat illo odio|odit accusantium expedita quo rerum magnam
34,magnam ut rerum iure,"ea velit perferendis earum ut voluptatem voluptate itaque iusto
totam pariatur in
nemo voluptatem voluptatem autem magni tempora minima in
est distinctio qui assumenda accusamus dignissimos officia nesciunt nobis",amet id deserunt ipsam|cupiditate distinctio nulla voluptatem|cum possimus voluptate|ipsum quidem laudantium quos nihil
35,id nihil consequatur molestias animi provident,"nisi error delectus possimus ut eligendi vitae
placeat eos harum cupiditate facilis reprehenderit voluptatem beatae
modi ducimus quo illum voluptas eligendi
et nobis quia fugit",culpa non ea|perspiciatis exercitationem sed natus sit|enim voluptatum ratione omnis consequuntur provident commodi omnis|quae odio sit at tempora
36,fuga nam accusamus voluptas reiciendis itaque,"ad mollitia et omnis minus architecto odit
voluptas doloremque maxime aut non ipsa qui alias veniam
blanditiis culpa aut quia nihil cumque facere et occaecati
qui aspernatur quia eaque ut aperiam inventore",recusandae temporibus nihil non alias consequatur|libero voluptatem sed soluta accusamus|a qui reiciendis officiis ad|quia laborum libero et rerum voluptas sed ut et
37,provident vel ut sit ratione est,"debitis et eaque non officia sed nesciunt pariatur vel
voluptatem iste vero et ea
numquam aut expedita ipsum nulla in
voluptates omnis consequatur aut enim officiis in quam qui",deleniti non et corrupti delectus ea cupiditate|at nihil fuga rerum|temporibus doloribus unde sed alias|ducimus perspiciatis quia debitis fuga
38,explicabo et eos deleniti nostrum ab id repellendus,"animi esse sit aut sit nesciunt assumenda eum voluptas
quia voluptatibus provident quia necessitatibus ea
rerum repudiandae quia voluptatem delectus fugit aut id quia
ratione optio eos iusto veniam iure",laudantium vero similique eum|iure iste culpa praesentium|molestias doloremque alias et at doloribus|aperiam natus est illo quo ratione porro excepturi
39,eos dolorem iste accusantium est eaque quam,"corporis rerum ducimus vel eum accusantium
maxime aspernatur a porro possimus iste omnis
est in deleniti asperiores fuga aut
voluptas sapiente vel dolore minus voluptatem incidunt ex",culpa voluptas quidem eos quis excepturi|quasi corporis provident enim|provident velit ex occaecati deleniti|id aspernatur fugiat eligendi
40,enim quo cumque,"ut voluptatum aliquid illo tenetur nemo sequi quo facilis
ipsum rem optio mollitia quas
voluptatem eum voluptas qui
unde omnis voluptatem iure quasi maxime voluptas nam",facere maxime alias aspernatur ab quibusdam necessitatibus|ratione similique error enim|sed minus et|et provident minima voluptatibus
41,non est facere,"molestias id nostrum
excepturi molestiae dolore omnis repellendus quaerat saepe
consectetur iste quaerat tenetur asperiores accusamus ex ut
nam quidem est ducimus sunt debitis saepe",voluptatem accusamus delectus natus quasi aliquid|porro ab id ea aut consequatur dignissimos quod et|aspernatur sapiente cum corrupti|pariatur veritatis unde
42,commodi ullam sint et excepturi error explicabo praesentium voluptas,"odio fugit voluptatum ducimus earum autem est incidunt voluptatem
odit reiciendis aliquam sunt sequi nulla dolorem
non facere repellendus voluptates quia
ratione harum vitae ut",praesentium odit quos et tempora eum voluptatem non|non aut eaque consectetur reprehenderit in qui eos nam|nemo ea eos|ea nesciunt consequatur et
43,eligendi iste nostrum consequuntur adipisci praesentium sit beatae perferendis,"similique fugit est
illum et dolorum harum et voluptate eaque quidem
exercitationem quos nam commodi possimus cum odio nihil nulla
dolorum exercitationem magnam ex et a et distinctio debitis",esse ab est deleniti dicta non|inventore veritatis cupiditate|eligendi sequi excepturi assumenda a harum sint aut eaque|rerum molestias id excepturi quidem aut
44,optio dolor molestias sit,"temporibus est consectetur dolore
et libero debitis vel velit laboriosam quia
ipsum quibusdam qui itaque fuga rem aut
ea et iure quam sed maxime ut distinctio quae",illum ea eum quia|doloremque modi ducimus voluptatum eaque aperiam accusamus eos quia|sed rerum aperiam sunt quo|ea veritatis natus eos deserunt voluptas ea voluptate
45,ut numquam possimus omnis eius suscipit laudantium iure,"est natus reiciendis nihil possimus aut provident
ex et dolor
repellat pariatur est
nobis rerum repellendus dolorem autem",doloribus illum tempora aliquam qui perspiciatis dolorem ratione velit|facere nobis et fugiat modi|fugiat dolore at|ducimus voluptate porro qui architecto optio unde deleniti
46,aut quo modi neque nostrum ducimus,"voluptatem quisquam iste
voluptatibus natus officiis facilis dolorem
quis quas ipsam
vel et voluptatum in aliquid",neque ullam eos amet|ratione architecto doloribus qui est nisi|occaecati unde expedita perspiciatis animi tenetur minus eveniet aspernatur|eius nihil adipisci aut
47,quibusdam cumque rem aut deserunt,"voluptatem assumenda ut qui ut cupiditate aut impedit veniam
occaecati nemo illum voluptatem laudantium
molestiae beatae rerum ea iure soluta nostrum
eligendi et voluptate",ea iusto laboriosam sit|voluptatibus magni ratione eum|et minus perferendis|eius rerum suscipit velit culpa ipsa ipsam aperiam est
48,ut voluptatem illum ea doloribus itaque eos,"voluptates quo voluptatem facilis iure occaecati
vel assumenda rerum officia et
illum perspiciatis ab deleniti
laudantium repellat ad ut et autem reprehenderit",necessitatibus nulla perferendis ad inventore earum delectus|vitae illo sed perferendis|officiis quo eligendi voluptatem animi totam perspiciatis|repellat quam eum placeat est tempore facere
49,laborum non sunt aut ut assumenda perspiciatis voluptas,"inventore ab sint
natus fugit id nulla sequi architecto nihil quaerat
eos tenetur in in eum veritatis non
quibusdam officiis aspernatur cumque aut commodi aut",vel nam nemo sed vitae|repellat necessitatibus dolores deserunt dolorum|minima quae velit et nemo|sit expedita nihil consequatur autem quia maiores
50,repellendus qui recusandae incidunt voluptates tenetur qui omnis exercitationem,"error suscipit maxime adipisci consequuntur recusandae
voluptas eligendi et est et voluptates
quia distinctio ab amet quaerat molestiae et vitae
adipisci impedit sequi nesciunt quis consectetur",doloremque quae ratione cumque|excepturi eligendi delectus maiores necessitatibus veniam|fugiat exercitationem consectetur vel earum|quia illo explicabo molestiae enim rem deserunt et omnis
51,soluta aliquam aperiam consequatur illo quis voluptas,"sunt dolores aut doloribus
dolore doloribus voluptates tempora et
doloremque et quo
cum asperiores sit consectetur dolorem",nihil esse aut|debitis nostrum mollitia similique minus aspernatur possimus|omnis eaque non eveniet|rerum qui iure laboriosam
52,qui enim et consequuntur quia animi quis voluptate quibusdam,"iusto est quibusdam fuga quas quaerat molestias
a enim ut sit accusamus enim
temporibus iusto accusantium provident architecto
soluta esse reprehenderit qui laborum",aliquid molestias nemo aut est maxime|laboriosam et consequatur laudantium|commodi et corrupti|harum quasi minima ratione sint magni sapiente ut
53,ut quo aut ducimus alias,"minima harum praesentium eum rerum illo dolore
quasi exercitationem rerum nam
porro quis neque quo
consequatur minus dolor quidem veritatis sunt non explicabo similique",et quibusdam saepe labore delectus et earum quis perferendis|laborum soluta veritatis|ea veritatis quidem accusantium est aut porro rerum|quia est consequatur voluptatem numquam laudantium repellendus
54,sit asperiores ipsam eveniet odio non quia,"totam corporis dignissimos
vitae dolorem ut occaecati accusamus
ex velit deserunt
et exercitationem vero incidunt corrupti mollitia",quas placeat repudiandae a delectus facere exercitationem consectetur|facilis quas sequi est mollitia|est vero hic laudantium maiores|quisquam itaque aut maxime ut cumque quia doloremque voluptatem
55,sit vel voluptatem et non libero,"debitis excepturi ea perferendis harum libero optio
eos accusamus cum fuga ut sapiente repudiandae
et ut incidunt omnis molestiae
nihil ut eum odit",error et quasi qui facilis enim eum adipisci iste|ad nostrum sint corporis quam velit necessitatibus a|eius doloribus optio ad qui molestiae|quaerat dignissimos voluptatem culpa aliquam explicabo commodi natus
56,qui et at rerum necessitatibus,"aut est omnis dolores
neque rerum quod ea rerum velit pariatur beatae excepturi
et provident voluptas corrupti
corporis harum reprehenderit dolores eligendi",perferendis fugit expedita cumque|exercitationem animi fugit aut earum|nihil quia illum eum dicta ut|quam commodi optio
57,sed ab est est,"at pariatur consequuntur earum quidem
quo est laudantium soluta voluptatem
qui ullam et est
et cum voluptas voluptatum repellat est",est accusamus facere|reprehenderit corporis ad et est fugit iure nulla et|doloribus reiciendis quasi autem voluptas|ipsam labore et pariatur quia
58,voluptatum itaque dolores nisi et quasi,"veniam voluptatum quae adipisci id
et id quia eos ad et dolorem
aliquam quo nisi sunt eos impedit error
ad similique veniam",pariatur veniam repellat quisquam tempore autem et voluptatem itaque|ea impedit ex molestiae placeat hic harum mollitia dolorem|inventore accusantium aut quae quia rerum autem numquam|nulla culpa quasi dolor
59,qui commodi dolor at maiores et quis id accusantium,"perspiciatis et quam ea autem temporibus non voluptatibus qui
beatae a earum officia nesciunt dolores suscipit voluptas et
animi doloribus cum rerum quas et magni
et hic ut ut commodi expedita sunt",voluptatem est aspernatur consequatur vel facere|ut omnis tenetur non ea eos|quibusdam error odio|atque consectetur voluptatem eligendi
60,consequatur placeat omnis quisquam quia reprehenderit fugit veritatis facere,"asperiores sunt ab assumenda cumque modi velit
qui esse omnis
voluptate et fuga perferendis voluptas
illo ratione amet aut et omnis",dolorem fugit quidem animi quas quisquam reprehenderit|occaecati et dolor laborum nemo sed quas unde deleniti|facere eligendi placeat aliquid aspernatur commodi sunt impedit|neque corrupti alias molestiae magni tempora
61,voluptatem doloribus consectetur est ut ducimus,"ab nemo optio odio
delectus tenetur corporis similique nobis repellendus rerum omnis facilis
vero blanditiis debitis in nesciunt doloribus dicta dolores
magnam minus velit",repellendus quae labore sunt ut praesentium fuga reiciendis quis|corporis aut quis dolor facere earum|exercitationem enim sunt nihil asperiores expedita|eius nesciunt a sit sit
62,beatae enim quia vel,"enim aspernatur illo distinctio quae praesentium
beatae alias amet delectus qui voluptate distinctio
odit sint accusantium autem omnis
quo molestiae omnis ea eveniet optio",quae quis qui ab rerum non hic|consequatur earum facilis atque quas dolore fuga ipsam|nihil velit quis|rerum sit nam est nulla nihil qui excepturi et
63,voluptas blanditiis repellendus animi ducimus error sapiente et suscipit,"enim adipisci aspernatur nemo
numquam omnis facere dolorem dolor ex quis temporibus incidunt
ab delectus culpa quo reprehenderit blanditiis asperiores
accusantium ut quam in voluptatibus voluptas ipsam dicta",repudiandae dolores nam quas|et incidunt odio dicta eum vero dolor quidem|dolorem quisquam cumque|molestiae neque maxime rerum deserunt nam sequi
64,et fugit quas eum in in aperiam quod,"id velit blanditiis
eum ea voluptatem
molestiae sint occaecati est eos perspiciatis
incidunt a error provident eaque aut aut qui",nihil consequatur dolorem voluptatem non molestiae|odit eum animi|ipsum omnis ut quasi|voluptas sed et et qui est aut
65,consequatur id enim sunt et et,"voluptatibus ex esse
sint explicabo est aliquid cumque adipisci fuga repellat labore
molestiae corrupti ex saepe at asperiores et perferendis
natus id esse incidunt pariatur",qui vero recusandae|porro esse sint doloribus impedit voluptatem commodi|asperiores laudantium ut dolores|praesentium distinctio magnam voluptatum aut
66,repudiandae ea animi iusto,"officia veritatis tenetur vero qui itaque
sint non ratione
sed et ut asperiores iusto eos molestiae nostrum
veritatis quibusdam et nemo iusto saepe",dolores tenetur rerum et aliquam|culpa officiis ea rem neque modi quaerat deserunt|molestias minus nesciunt iusto impedit enim laborum perferendis|velit minima itaque voluptatem fugiat
67,aliquid eos sed fuga est maxime repellendus,"reprehenderit id nostrum
voluptas doloremque pariatur sint et accusantium quia quod aspernatur
et fugiat amet
non sapiente et consequatur necessitatibus molestiae",hic et et aspernatur voluptates voluptas ut ut id|excepturi eligendi aspernatur nulla dicta ab|suscipit quis distinctio nihil|temporibus unde quasi expedita et inventore consequatur rerum ab
68,odio quis facere architecto reiciendis optio,"magnam molestiae perferendis quisquam
qui cum reiciendis
quaerat animi amet hic inventore
ea quia deleniti quidem saepe porro velit",est aut consequatur error illo ut|enim nihil fuga|suscipit inventore officiis iure earum pariatur temporibus in|aperiam qui quod vel necessitatibus velit eos exercitationem culpa
69,fugiat quod pariatur odit minima,"officiis error culpa consequatur modi asperiores et
dolorum assumenda voluptas et vel qui aut vel rerum
voluptatum quisquam perspiciatis quia rerum consequatur totam quas
sequi commodi repudiandae asperiores et saepe a",omnis et fugit eos sint saepe ipsam unde est|dolores sit sit assumenda laboriosam|dolor deleniti voluptatem id nesciunt et|placeat dolorem cumque laboriosam sunt non
70,voluptatem laborum magni,"sunt repellendus quae
est asperiores aut deleniti esse accusamus repellendus quia aut
quia dolorem unde
eum tempora esse dolore",eaque rerum tempore distinctio|consequatur fugiat veniam et incidunt ut ut et|consequatur blanditiis magnam|doloremque voluptate ut architecto facere in dolorem et aut
71,et iusto veniam et illum aut fuga,"occaecati a doloribus
iste saepe consectetur placeat eum voluptate dolorem et
qui quo quia voluptas
rerum ut id enim velit est perferendis",vel cumque labore vitae quisquam magnam sequi ut|molestiae dolores vel minus aut|quas repellat nostrum fugit molestiae veritatis sequi|vel quidem in molestiae id doloribus sed
72,sint hic doloribus consequatur eos non id,"quam occaecati qui deleniti consectetur
consequatur aut facere quas exercitationem aliquam hic voluptas
neque id sunt ut aut accusamus
sunt consectetur expedita inventore velit",sit et aut recusandae|corrupti nisi vero eius nulla voluptates|voluptatem placeat est commodi impedit odio omnis|similique debitis et in molestiae omnis sed non magni
73,consequuntur deleniti eos quia temporibus ab aliquid at,"voluptatem cumque tenetur consequatur expedita ipsum nemo quia explicabo
aut eum minima consequatur
tempore cumque quae est et
et in consequuntur voluptatem voluptates aut",modi sed aut quidem quisquam optio est|aut facilis sit quia quis facere quod|fugiat recusandae ex et quisquam ipsum sed sit|exercitationem quia recusandae dolorem quasi iusto ipsa qui et
74,enim unde ratione doloribus quas enim ut sit sapiente,"odit qui et et necessitatibus sint veniam
mollitia amet doloremque molestiae commodi similique magnam et quam
blanditiis est itaque
quo et tenetur ratione occaecati molestiae tempora",beatae hic est et deserunt eius|corrupti quam ut commodi sit modi est corporis animi|harum ut est|aperiam non fugit excepturi quo tenetur totam
75,dignissimos eum dolor ut enim et delectus in,"commodi non non omnis et voluptas sit
autem aut nobis magnam et sapiente voluptatem
et laborum repellat qui delectus facilis temporibus
rerum amet et nemo voluptate expedita adipisci error dolorem",non ea sed reprehenderit reiciendis eaque et neque adipisci|ipsa architecto deserunt ratione nesciunt tempore similique occaecati non|hic vitae sit neque|rerum quod dolorem ratione esse aperiam necessitatibus
76,doloremque officiis ad et non perferendis,"ut animi facere
totam iusto tempore
molestiae eum aut et dolorem aperiam
quaerat recusandae totam odio",voluptatum quis ipsa voluptatem saepe est|illum error repellat eaque dolor quae qui|eum rerum sunt quam illo|voluptates fuga possimus nemo nihil distinctio
77,necessitatibus quasi exercitationem odio,"modi ut in nulla repudiandae dolorum nostrum eos
aut consequatur omnis
ut incidunt est omnis iste et quam
voluptates sapiente aliquam asperiores nobis amet corrupti repudiandae provident",sit fugiat est autem quia ipsam error ab|voluptatem sed ab labore molestiae qui debitis exercitationem|non et sunt officia illo possimus iste tenetur est|dolores voluptas ad aspernatur nihil
78,quam voluptatibus rerum veritatis,"nobis facilis odit tempore cupiditate quia
assumenda doloribus rerum qui ea
illum et qui totam
aut veniam repellendus",dolor ratione ab repellendus aut quia reiciendis sed|est alias ex|odio voluptatem velit odit tempora nihil optio aperiam blanditiis|labore porro id velit dolor veritatis
79,pariatur consequatur quia magnam autem omnis non amet,"libero accusantium et et facere incidunt sit dolorem
non excepturi qui quia sed laudantium
quisquam molestiae ducimus est
officiis esse molestiae iste et quos",esse vel reiciendis nobis inventore vero est|fugit inventore ea quo consequatur aut|autem deserunt ratione et repellendus nihil quam|quidem iure est nihil mollitia
80,labore in ex et explicabo corporis aut quas,"ex quod dolorem ea eum iure qui provident amet
quia qui facere excepturi et repudiandae
asperiores molestias provident
minus incidunt vero fugit rerum sint sunt excepturi provident",natus iure velit impedit sed officiis sint|molestiae non beatae|illo consequatur minima|sed ratione est tenetur
81,tempora rem veritatis voluptas quo dolores vero,"facere qui nesciunt est voluptatum voluptatem nisi
sequi eligendi necessitatibus ea at rerum itaque
harum non ratione velit laboriosam quis consequuntur
ex officiis minima doloremque voluptas ut aut",aut aut sit cupiditate maxime praesentium occaecati cumque|vero sint sit aliquam porro quo consequuntur ut|numquam qui maxime voluptas est consequatur ullam|tenetur commodi qui consectetur distinctio eligendi atque
82,laudantium voluptate suscipit sunt enim enim,"ut libero sit aut totam inventore sunt
porro sint qui sunt molestiae
consequatur cupiditate qui iste ducimus adipisci
dolor enim assumenda soluta laboriosam amet iste delectus hic",in consequatur corporis qui a et magni eum illum|corrupti veniam debitis ab iure harum|enim ut assumenda cum adipisci veritatis et veniam|rem eius expedita quos corrupti incidunt
83,odit et voluptates doloribus alias odio et,"est molestiae facilis quis tempora numquam nihil qui
voluptate sapiente consequatur est qui
necessitatibus autem aut ipsa aperiam modi dolore numquam
reprehenderit eius rem quibusdam",iure vitae accusamus tenetur autem ipsa deleniti|sunt laudantium ut beatae repellendus non eos|ut consequuntur repudiandae ducimus enim|reiciendis rem explicabo magni dolore
84,optio ipsam molestias necessitatibus occaecati facilis veritatis dolores aut,"sint molestiae magni a et quos
eaque et quasi
ut rerum debitis similique veniam
recusandae dignissimos dolor incidunt consequatur odio",voluptas cum eum minima rem|dolorem et nemo repellendus voluptatem sit|repudiandae nulla qui recusandae nobis|blanditiis perspiciatis dolor ipsam reprehenderit odio
85,dolore veritatis porro provident adipisci blanditiis et sunt,"similique sed nisi voluptas iusto omnis
mollitia et quo
assumenda suscipit officia magnam sint sed tempora
enim provident pariatur praesentium atque animi amet ratione",labore necessitatibus et eum quas id ut|doloribus aspernatur nostrum sapiente quo aut quia|eos rerum voluptatem|numquam minima soluta velit recusandae ut
86,placeat quia et porro iste,"quasi excepturi consequatur iste autem temporibus sed molestiae beatae
et quaerat et esse ut
voluptatem occaecati et vel explicabo autem
asperiores pariatur deserunt optio",debitis ut maiores ut harum sed voluptas|quae amet eligendi quo quidem odit atque quisquam animi|ut autem est corporis et|sed tempora facere corrupti magnam
87,nostrum quis quasi placeat,"eos et molestiae
nesciunt ut a
dolores perspiciatis repellendus repellat aliquid
magnam sint rem ipsum est",reprehenderit molestias sit nemo quas culpa dolorem exercitationem|eos est voluptatem dolores est fugiat dolorem|eos aut quia et amet et beatae harum vitae|officia quia animi dicta magnam accusantium
88,sapiente omnis fugit eos,"consequatur omnis est praesentium
ducimus non iste
neque hic deserunt
voluptatibus veniam cum et rerum sed",ut nam ut asperiores quis|exercitationem aspernatur eligendi autem repellendus|est repudiandae quisquam rerum ad explicabo suscipit deserunt eius|alias aliquid eos pariatur rerum magnam provident iusto
89,sint soluta et vel magnam aut ut sed qui,"repellat aut aperiam totam temporibus autem et
architecto magnam ut
consequatur qui cupiditate rerum quia soluta dignissimos nihil iure
tempore quas est",est consequuntur cumque|quo dolorem at ut dolores|consequatur quia voluptates reiciendis|vel rerum id et
90,ad iusto omnis odit dolor voluptatibus,"minus omnis soluta quia
qui sed adipisci voluptates illum ipsam voluptatem
eligendi officia ut in
eos soluta similique molestias praesentium blanditiis",et provident quo necessitatibus harum excepturi|sed est ut sed est doloremque labore quod|quia optio explicabo adipisci magnam doloribus|veritatis illo aut est inventore
91,aut amet sed,"libero voluptate eveniet aperiam sed
sunt placeat suscipit molestias
similique fugit nam natus
expedita consequatur consequatur dolores quia eos et placeat",animi qui nostrum rerum velit|voluptates sit in laborum dolorum omnis ut omnis|ea optio quia necessitatibus delectus molestias sapiente perferendis|dolores vel excepturi expedita
92,ratione ex tenetur perferendis,"aut et excepturi dicta laudantium sint rerum nihil
laudantium et at
a neque minima officia et similique libero et
commodi voluptate qui",qui qui deserunt expedita at|provident sequi veritatis sit qui nam tempora mollitia ratione|corporis vitae rerum pariatur unde deleniti ut eos ad|aut non quae nisi saepe
93,beatae soluta recusandae,"dolorem quibusdam ducimus consequuntur dicta aut quo laboriosam
voluptatem quis enim recusandae ut sed sunt
nostrum est odit totam
sit error sed sunt eveniet provident qui nulla",ex corrupti ut pariatur voluptas illo labore non voluptates|voluptas sint et est impedit cum|in fugiat cumque eum id rerum error|ut rerum voluptates facilis molestiae et labore voluptatem corrupti
94,qui qui voluptates illo iste minima,"aspernatur expedita soluta quo ab ut similique
expedita dolores amet
sed temporibus distinctio magnam saepe deleniti
omnis facilis nam ipsum natus sint similique omnis",molestias incidunt eaque|numquam reprehenderit rerum ut ex ad|omnis porro maiores quaerat harum nihil non quasi ea|asperiores quisquam sunt fugiat eos natus iure adipisci
95,id minus libero illum nam ad officiis,"earum voluptatem facere provident blanditiis velit laboriosam
pariatur accusamus odio saepe
cumque dolor qui a dicta ab doloribus consequatur omnis
corporis cupiditate eaque assumenda ad nesciunt",ut in nostrum|ut et incidunt et minus nulla perferendis libero delectus|nulla nemo deleniti|deleniti facere autem vero velit non molestiae assumenda
96,quaerat velit veniam amet cupiditate aut numquam ut sequi,"in non odio excepturi sint eum
labore voluptates vitae quia qui et
inventore itaque rerum
veniam non exercitationem delectus aut",tenetur qui ut|architecto officiis voluptatem velit eos molestias incidunt eum dolorum|distinctio quam et|sequi consequatur nihil voluptates animi
97,quas fugiat ut perspiciatis vero provident,"eum non blanditiis soluta porro quibusdam voluptas
vel voluptatem qui placeat dolores qui velit aut
vel inventore aut cumque culpa explicabo aliquid at
perspiciatis est et voluptatem dignissimos dolor itaque sit nam",soluta quia porro mollitia eos accusamus|voluptatem illo perferendis earum quia|quo sed ipsam in omnis cum earum tempore eos|voluptatem illum doloremque corporis ipsam facere
98,laboriosam dolor voluptates,"doloremque ex facilis sit sint culpa
soluta assumenda eligendi non ut eius
sequi ducimus vel quasi
veritatis est dolores",minus nihil sunt dolor|ipsum a illum quis|quasi officiis cupiditate architecto sit consequatur ut|et sed quasi quam doloremque
99,temporibus sit alias delectus eligendi possimus magni,"quo deleniti praesentium dicta non quod
aut est molestias
molestias et officia quis nihil
itaque dolorem quia",pariatur occaecati ea autem at quis et dolorem similique|pariatur ipsa hic et saepe itaque cumque repellendus vel|et quibusdam qui aut nemo et illo|qui non quod officiis aspernatur qui optio
100,at nam consequatur ea labore ea harum,"cupiditate quo est a modi nesciunt soluta
ipsa voluptas error itaque dicta in
autem qui minus magnam et distinctio eum
accusamus ratione error aut",perspiciatis quis doloremque|veniam nisi eos velit sed|id totam inventore voluptatem laborum et eveniet|aut aut aut maxime quia temporibus ut omnis
